65.60073005,-66.34951094,-515.55
65.60074534,-66.34954658,-516.19
65.60075377,-66.3495664,-517.28
65.60077995,-66.34962485,-516.74
65.60079605,-66.34966146,-517.31
65.60081582,-66.34970603,-517.5
65.60083054,-66.34973921,-517.98
65.60085409,-66.34979221,-517.82
65.60087844,-66.34984618,-517.57
65.60091007,-66.34991602,-516.26
65.60091087,-66.34991998,-518.18
65.60095636,-66.35002001,-516
65.60096748,-66.35004528,-516.99
65.60098198,-66.35007897,-517.63
65.60099687,-66.3501126,-518.24
65.60101097,-66.35014532,-519.07
65.60102827,-66.35018491,-519.36
65.60104844,-66.35023046,-519.42
65.60108728,-66.3503152,-517.82
65.60110642,-66.35035829,-517.95
65.60113157,-66.35041518,-517.63
65.60115335,-66.35046377,-517.47
65.60116641,-66.35049396,-518.34
65.60118595,-66.35053803,-518.53
65.60119827,-66.35056621,-519.49
65.60121013,-66.35059446,-520.45
65.60122302,-66.35062414,-521.31
65.60123631,-66.35065485,-522.14
65.6012472,-66.35068058,-523.17
65.60125906,-66.35070882,-524.13
65.60127195,-66.3507385,-524.96
65.60128501,-66.35076973,-525.95
65.60129853,-66.3508009,-526.72
65.60130678,-66.35082118,-528.22
65.60131865,-66.3508484,-529.15
65.60134082,-66.35089893,-529.15
65.60137061,-66.35096431,-528.38
65.60136758,-66.35096081,-531.04
65.60138488,-66.3510004,-531.52
65.60140258,-66.35104102,-531.97
65.60141994,-66.35108062,-532.48
65.60142699,-66.35109798,-534.08
65.60143702,-66.35112273,-535.33
65.60144991,-66.35115241,-536.29
65.60146561,-66.35118902,-537.09
65.60147667,-66.35121526,-538.24
65.60148211,-66.35122964,-540.19
65.6014962,-66.35126328,-541.15
65.60152502,-66.35132716,-540.29
65.60153505,-66.35135094,-541.5
65.60155362,-66.35139351,-541.95
65.60156851,-66.35142817,-542.85
65.60158077,-66.35145739,-544
65.60159487,-66.35149005,-544.99
65.60160696,-66.35151876,-546.34
65.60162082,-66.35155193,-547.3
65.60163331,-66.35158161,-548.61
65.60164724,-66.35161381,-549.57
65.60166311,-66.35165094,-550.46
65.60170098,-66.35173413,-548.77
65.60170339,-66.35174301,-551.2
65.60171788,-66.3517767,-552.19
65.60173158,-66.35180936,-553.28
65.6017459,-66.35184254,-554.3
65.60176057,-66.35187668,-555.3
65.60177524,-66.35191186,-556.26
65.60179237,-66.35195094,-557.09
65.60180749,-66.35198612,-558.02
65.60182136,-66.35201929,-559.23
65.60183729,-66.35205642,-560.16
65.60185058,-66.35208811,-561.47
65.60186926,-66.35213113,-562.05
65.60188478,-66.35216826,-563.01
65.60190472,-66.35221335,-563.49
65.60193555,-66.35228217,-562.46
65.6019446,-66.35230445,-564.29
65.60197279,-66.35236782,-563.74
65.60200906,-66.35244809,-562.18
65.60205255,-66.35254321,-559.42
65.60208922,-66.35262342,-557.73
65.60212629,-66.35270564,-555.9
65.60224466,-66.3526197,-554.21
65.60229663,-66.3527356,-550.18
65.60234074,-66.35283513,-547.17
65.60238406,-66.3529327,-544.38
65.60242251,-66.35301933,-542.08
65.60243924,-66.35305847,-542.94
65.60250106,-66.35319661,-537.41
65.60251532,-66.35323075,-538.56
65.60254254,-66.35329269,-537.86
65.60257153,-66.35335904,-536.83
65.60258901,-66.35340012,-537.47
65.60262568,-66.35348331,-535.3
65.60263576,-66.35350807,-537.15
65.60265123,-66.35354519,-537.86
65.60270423,-66.35366351,-533.54
65.60272211,-66.35370562,-534.18
65.60274107,-66.35375014,-534.62
65.60276198,-66.35379867,-534.82
65.60278513,-66.35385264,-534.59
65.60281372,-66.35391802,-533.54
65.60283125,-66.3539591,-534.34
65.60284672,-66.35399623,-535.26
65.60286122,-66.35403186,-536.48
65.60287692,-66.35406945,-537.5
65.60289182,-66.35410509,-538.66
65.60290832,-66.35414468,-539.55
65.60292361,-66.35418135,-540.64
65.60295645,-66.35425612,-538.85
65.60297174,-66.35429273,-540.06
65.60298824,-66.35433232,-541.09
65.60300177,-66.3543655,-542.4
65.6030217,-66.35441151,-542.88
65.60303717,-66.35444961,-544
65.60305711,-66.35449665,-544.35
65.60307361,-66.35453624,-545.5
65.60309115,-66.35457732,-546.34
65.60310702,-66.35461645,-547.52
65.60312375,-66.3546565,-548.61
65.60313905,-66.35469317,-549.73
65.60315675,-66.35473569,-550.78
65.60317606,-66.35478124,-551.39
65.6031952,-66.35482633,-551.97
65.60321451,-66.35487285,-552.48
65.60323204,-66.35491491,-553.54
65.60325278,-66.35496389,-553.95
65.60327106,-66.35500698,-554.85
65.60328922,-66.35505053,-555.78
65.6033071,-66.35509361,-556.64
65.60332423,-66.35513469,-557.73
65.60334354,-66.35518122,-558.5
65.60336164,-66.35522476,-559.55
65.60337814,-66.35526435,-560.67
65.60339608,-66.35530738,-561.73
65.60341401,-66.35535047,-562.78
65.60343269,-66.3553955,-563.84
65.60345142,-66.35544054,-564.67
65.60346976,-66.3554846,-565.79
65.60348786,-66.35552814,-566.72
65.60350757,-66.35557564,-567.49
65.60352648,-66.35562119,-568.45
65.60354625,-66.35566869,-569.41
65.60356435,-66.35571224,-570.5
65.60358286,-66.35575681,-571.49
65.60360217,-66.35580334,-572.51
65.60362211,-66.35585135,-573.34
65.60364262,-66.35589988,-574.08
65.60366743,-66.35595775,-573.82
65.60369195,-66.35601522,-573.6
65.60372077,-66.35608105,-572.42
65.60374289,-66.35613353,-572.64
65.6037693,-66.35619541,-572.1
65.60379422,-66.35625385,-571.9
65.60382041,-66.35631424,-571.42
65.60384682,-66.35637612,-570.94
65.60387014,-66.35643055,-570.94
65.6038961,-66.35649146,-570.46
65.60392211,-66.35655139,-569.76
65.60394039,-66.35659642,-571.07
65.60396577,-66.35665578,-570.62
65.60399035,-66.35671325,-570.56
65.60401309,-66.35676717,-570.72
65.60404008,-66.35682956,-569.95
65.60406243,-66.35688256,-570.18
65.60408437,-66.3569355,-570.59
65.60410832,-66.35699142,-570.53
65.60413003,-66.3570439,-571.17
65.60415118,-66.3570949,-571.78
65.60417312,-66.35714686,-572.38
65.60419363,-66.35719637,-573.12
65.60421437,-66.35724633,-573.98
65.60423552,-66.35729732,-574.78
65.60425723,-66.35734975,-575.3
65.6042794,-66.35740321,-575.9
65.60429871,-66.3574507,-577.18
65.60431945,-66.35750072,-578.24
65.60434197,-66.35755515,-578.69
65.60436311,-66.35760615,-579.58
65.60438466,-66.35765811,-580.32
65.60440379,-66.3577051,-581.76
65.60442614,-66.35775907,-582.46
65.60444848,-66.35781298,-582.88
65.6044698,-66.35786449,-583.97
65.60449071,-66.35791595,-584.99
65.60451185,-66.35796791,-586.02
65.604533,-66.35801891,-587.07
65.60456015,-66.35808273,-586.21
65.60457906,-66.35813023,-587.97
65.60460003,-66.35818168,-589.31
65.60462536,-66.3582411,-589.02
65.60464673,-66.35829358,-590.14
65.6046858,-66.35837975,-584.64
65.60470007,-66.35841883,-588.35
65.60472081,-66.35846977,-589.6
65.60473949,-66.35851778,-592
65.60475943,-66.35856774,-593.95
65.60477931,-66.3586177,-595.52
65.60479157,-66.3586538,-600.77
65.60483512,-66.35874691,-592.93
65.60485202,-66.3587924,-596.32
65.6048731,-66.35884437,-597.82
65.60489568,-66.35889983,-598.59
65.60491963,-66.3589577,-599.14
65.60494621,-66.35902009,-598.46
65.60497681,-66.35908942,-595.71
65.60500316,-66.35915227,-594.82
65.60502488,-66.35920573,-596.29
65.60504786,-66.35926211,-596.93
65.60506997,-66.35931654,-598.14
65.60509312,-66.35937349,-599.23
65.60511609,-66.35942987,-599.97
65.60514045,-66.35948877,-600.32
65.60516497,-66.35954819,-600.58
65.60519052,-66.35960904,-600.13
65.60521711,-66.35967143,-599.14
65.60524369,-66.35973383,-598.02
65.60526885,-66.3597937,-597.6
65.60529383,-66.35985312,-596.83
65.60531818,-66.35991202,-597.41
65.60534677,-66.35997733,-594.62
65.60538103,-66.36005165,-588.32
65.60540515,-66.36011003,-588.54
65.6054291,-66.36016796,-588.38
65.60545385,-66.36022686,-588.32
65.60547843,-66.36028627,-587.97
65.60550341,-66.36034563,-587.36
65.60552897,-66.36040556,-586.34
65.60555028,-66.36046097,-588.67
65.60557607,-66.36052136,-587.17
65.60560122,-66.36058123,-586.62
65.60562637,-66.36064116,-585.54
65.60564992,-66.36069806,-585.98
65.6056745,-66.36075741,-585.82
65.60569942,-66.36081683,-584.45
65.60572417,-66.36087567,-584.19
65.60574732,-66.36093257,-584.64
65.60577087,-66.36099147,-585.5
65.60579505,-66.36105088,-585.79
65.60581957,-66.36110829,-584.74
65.60584495,-66.36116771,-582.69
65.60586873,-66.36122609,-583.33
65.60589469,-66.36128305,-578.98
65.60591703,-66.36134189,-581.89
65.60594012,-66.36140079,-583.46
65.60596407,-66.36145963,-584.13
65.60598722,-66.36151951,-586.4
65.60601077,-66.36157938,-587.81
65.60603409,-66.36163679,-588.35
65.60618243,-66.36140268,-582.3
65.60620598,-66.36146158,-585.66
65.60623033,-66.36152145,-587.3
65.6062545,-66.36158081,-587.71
65.60627845,-66.36163971,-587.81
65.606302,-66.36169758,-587.81
65.60632635,-66.36175648,-587.81
65.60635048,-66.3618159,-587.81
65.60637506,-66.36187623,-589.22
65.60639878,-66.36193467,-589.63
65.60642347,-66.36199552,-590.62
65.60644782,-66.36205539,-590.72
65.6064716,-66.3621128,-590.34
65.60649612,-66.36217319,-590.4
65.6065207,-66.36223353,-590.66
65.60654442,-66.36229094,-590.27
65.60656797,-66.36234789,-588.9
65.60659095,-66.36240329,-587.23
65.60661346,-66.3624587,-585.86
65.60663701,-66.36251565,-584.54
65.60666039,-66.36257209,-583.78
65.60668394,-66.36262996,-583.52
65.60670645,-66.36268439,-581.92
65.60673264,-66.3627497,-584.74
65.60675636,-66.36280711,-584.42
65.60678151,-66.36286997,-585.76
65.60680409,-66.3629244,-584.16
65.60682603,-66.36297734,-582.72
65.60684815,-66.3630308,-581.02
65.60686665,-66.3630744,-576.61
65.60689221,-66.3631372,-578.08
65.60691197,-66.36318475,-575.1
65.60693449,-66.36323918,-573.92
65.6069554,-66.36328966,-572.1
65.60697798,-66.36334506,-571.46
65.6070005,-66.3633995,-570.88
65.6070198,-66.36344602,-568
65.60704055,-66.36349604,-566.69
65.6070649,-66.36355591,-567.23
65.60707859,-66.3635876,-561.47
65.60710414,-66.36365045,-562.85
65.60712792,-66.36370884,-563.42
65.60714906,-66.36375983,-562.27
65.60716998,-66.36381128,-561.31
65.60719169,-66.36386376,-560.54
65.6072102,-66.36390828,-558.02
65.60723398,-66.36396667,-558.5
65.60725552,-66.36401863,-557.98
65.60727884,-66.36407604,-558.05
65.60730078,-66.36412996,-557.79
65.6073229,-66.36418445,-557.54
65.60734484,-66.36423739,-557.15
65.60736478,-66.36428638,-555.78
65.60738913,-66.36434625,-556.51
65.60741171,-66.36440068,-556.29
65.60743302,-66.36445316,-555.84
65.60745537,-66.36450805,-555.81
65.60747829,-66.36456449,-555.78
65.60750063,-66.36461841,-555.55
65.60752275,-66.36467284,-555.65
65.60754572,-66.36472927,-555.78
65.60756847,-66.36478519,-555.74
65.60759059,-66.36483962,-555.71
65.60761413,-66.36489652,-555.87
65.60763768,-66.36495445,-556.35
65.6076614,-66.36501283,-556.8
65.60768678,-66.36507517,-557.47
65.60771538,-66.36514644,-559.84
65.60774213,-66.36521222,-561.09
65.60776729,-66.36527507,-562.11
65.60779605,-66.36534583,-564.16
65.60782063,-66.36540622,-564.74
65.60784395,-66.36546363,-564.86
65.60786692,-66.36552001,-564.77
65.60788961,-66.36557593,-564.61
65.60791156,-66.36562893,-564.32
65.6079323,-66.36567987,-563.68
65.60796226,-66.36575458,-565.76
65.60798404,-66.36580706,-565.31
65.60800839,-66.36586694,-565.92
65.60803612,-66.36593621,-567.33
65.60805565,-66.36598325,-566.37
65.60808602,-66.36605894,-568.38
65.60810516,-66.36610494,-567.26
65.60813352,-66.3661757,-568.83
65.60816314,-66.36624847,-570.62
65.60818726,-66.36630783,-571.04
65.60821345,-66.36637217,-571.74
65.60823115,-66.36641572,-570.37
65.6082712,-66.36651518,-574.98
65.60829252,-66.36656761,-574.5
65.60832495,-66.36664828,-576.96
65.60835772,-66.36672895,-579.49
65.60838728,-66.36680264,-580.99
65.60841364,-66.36686749,-581.6
65.60843719,-66.36692536,-581.63
65.60846194,-66.36698627,-581.92
65.60848772,-66.36704958,-582.46
65.60851047,-66.3671055,-582.14
65.60853419,-66.36716291,-582.3
65.60855934,-66.36722479,-582.72
65.60858312,-66.36728318,-582.59
65.60860684,-66.36734156,-582.66
65.60862982,-66.367398,-582.5
65.60865537,-66.36746079,-583.1
65.60868253,-66.3675276,-583.84
65.60870929,-66.36759343,-584.64
65.60873747,-66.36766368,-585.54
65.60877672,-66.36776119,-589.06
65.6088119,-66.36784874,-591.62
65.60885115,-66.36794626,-594.98
65.60889888,-66.36806452,-600.22
65.6089395,-66.36816639,-603.71
65.60897875,-66.36826391,-607.1
65.6090208,-66.3683683,-610.75
65.60907271,-66.36849796,-616.48
65.60910669,-66.36858155,-618.34
65.60914095,-66.36866664,-620.19
65.60917516,-66.36875178,-621.98
65.60921114,-66.36884036,-624.26
65.60924093,-66.36891456,-625.28
65.60926345,-66.36896899,-624.74
65.60929026,-66.36903482,-625.02
65.60931943,-66.36910656,-625.73
65.60935684,-66.3691996,-628.06
65.60937655,-66.36924808,-627.14
65.60942164,-66.36935992,-630.85
65.60945081,-66.36943165,-631.71
65.60947716,-66.36949651,-631.94
65.60950638,-66.36956825,-632.38
65.609545,-66.36966427,-634.78
65.60957904,-66.36974787,-636.26
65.60959611,-66.36978992,-634.82
65.60966836,-66.36997052,-643.17
65.60973053,-66.37012539,-649.76
65.60977825,-66.37024365,-653.63
65.60981584,-66.37033721,-655.65
65.60986196,-66.37045152,-659.2
65.60994567,-66.3706603,-668.99
65.60999896,-66.3707934,-673.7
65.6100543,-66.37093143,-678.46
65.61009779,-66.37103834,-681.25
65.61013377,-66.37112789,-682.72
65.61019537,-66.37128127,-688.48
65.61018855,-66.37126248,-682.66
65.61031145,-66.37156976,-698.46
65.61033843,-66.37163605,-698.4
65.61037871,-66.37173603,-700.29
65.61042117,-66.37184042,-702.66
65.61047548,-66.37197599,-706.72
65.61049158,-66.3720146,-704.74
65.61070026,-66.3718269,-709.95
65.6107202,-66.37187388,-708.48
65.61074953,-66.37194419,-708.7
65.61076809,-66.37198871,-707.01
65.61080711,-66.37208078,-708.74
65.6108349,-66.37214713,-708.51
65.61086492,-66.37221795,-708.48
65.61089409,-66.37228773,-708.54
65.61095792,-66.37243871,-713.63
65.61097018,-66.37246787,-711.1
65.61098731,-66.37250895,-709.31
65.61104243,-66.37263964,-712.99
65.61108534,-66.37274111,-715.07
65.61112763,-66.37284109,-716.77
65.61116223,-66.37292331,-717.57
65.61120171,-66.37301734,-719.07
65.61124497,-66.37311978,-721.12
65.61129407,-66.37323563,-723.71
65.61133234,-66.37332673,-724.83
65.61136775,-66.37341084,-725.57
65.61140402,-66.37349702,-726.37
65.61144705,-66.37359895,-728.32
65.61148051,-66.37367819,-728.64
65.61150704,-66.3737415,-728.26
65.61152577,-66.37378556,-726.85
65.61157992,-66.37391379,-730.08
65.61161092,-66.37398804,-730.24
65.61164054,-66.37405783,-730.14
65.61166833,-66.37412418,-729.86
65.61170477,-66.37420978,-730.82
65.61172809,-66.37426524,-730.14
65.61175587,-66.37433159,-729.5
65.60070214,-66.34950366,-514.98
65.6007187,-66.34954131,-515.3
65.60075153,-66.34961316,-514.37
65.60075915,-66.34963195,-515.52
65.60077365,-66.34966461,-516.03
65.60079943,-66.34972208,-515.71
65.60080184,-66.34972998,-517.5
65.60081616,-66.34976218,-518.05
65.60083266,-66.34979977,-518.53
65.60083564,-66.34980819,-520.29
65.6008687,-66.3498805,-519.04
65.6008824,-66.34991218,-519.74
65.60091322,-66.34998008,-518.88
65.6009374,-66.35003354,-518.62
65.60095774,-66.3500796,-518.69
65.60098954,-66.35014899,-517.66
65.60099882,-66.35017173,-518.94
65.60101429,-66.35020691,-519.26
65.60106248,-66.35031142,-516.74
65.60106162,-66.35031239,-518.94
65.6011086,-66.35041392,-516.45
65.60112189,-66.35044463,-517.31
65.60113232,-66.35046938,-518.27
65.60114401,-66.35049712,-519.26
65.60116372,-66.35054169,-519.46
65.6011714,-66.35056049,-520.86
65.60117483,-66.35056988,-522.69
65.60120062,-66.35062735,-522.27
65.60121471,-66.35066001,-523.01
65.60122777,-66.3506902,-523.84
65.60123906,-66.3507169,-524.86
65.60125413,-66.35075111,-525.47
65.60126903,-66.35078577,-526.3
65.60128192,-66.35081545,-527.14
65.60129561,-66.35084714,-528.06
65.60131395,-66.35088827,-528.32
65.60132621,-66.35091744,-529.38
65.60134294,-66.3509556,-529.95
65.60135503,-66.3509843,-531.04
65.60137056,-66.35101942,-531.74
65.60138242,-66.35104767,-532.83
65.60139811,-66.35108331,-533.5
65.60141278,-66.35111746,-534.27
65.60142751,-66.35115166,-535.01
65.60143977,-66.35117985,-536.03
65.60145507,-66.35121549,-536.9
65.60146779,-66.35124569,-537.86
65.60148085,-66.35127588,-538.98
65.60149598,-66.35131106,-539.81
65.60151087,-66.35134572,-540.51
65.60154187,-66.35141408,-539.58
65.60154387,-66.35142095,-541.89
65.60155476,-66.35144771,-543.2
65.60156823,-66.35147888,-544.19
65.60158135,-66.35151005,-545.28
65.60158857,-66.3515289,-547.17
65.60161274,-66.35158236,-546.94
65.60162701,-66.3516165,-548
65.60164775,-66.35166257,-548.16
65.60166912,-66.3517111,-548.38
65.60168202,-66.35174181,-549.6
65.60169084,-66.35176358,-551.3
65.6017015,-66.35178982,-552.58
65.60171782,-66.35182695,-553.34
65.60172567,-66.35184723,-555.17
65.60173736,-66.35187594,-556.48
65.60176595,-66.35193931,-555.84
65.6017895,-66.35199231,-556
65.60180239,-66.35202302,-557.18
65.60181729,-66.35205762,-558.3
65.60183139,-66.35209131,-559.46
65.60184548,-66.35212495,-560.64
65.60186078,-66.35216058,-561.66
65.60187631,-66.35219674,-562.69
65.60189321,-66.35223633,-563.46
65.60191435,-66.3522844,-563.71
65.60193973,-66.35234084,-563.42
65.6019697,-66.3524077,-562.69
65.60201805,-66.35251272,-559.55
65.60203599,-66.35255381,-560.13
65.60205793,-66.35260382,-560.35
65.60208956,-66.35267367,-559.3
65.60222398,-66.35264594,-554.69
65.60225921,-66.35272569,-552.96
65.60236034,-66.3529476,-542.21
65.60230534,-66.35283215,-552.86
65.60237908,-66.35299458,-545.82
65.6024244,-66.35309514,-542.75
65.60247252,-66.35320262,-539.17
65.60249046,-66.35324468,-539.81
65.60252123,-66.35331452,-538.62
65.60255469,-66.35338975,-536.99
65.60258047,-66.35344917,-536.45
65.60260643,-66.35350812,-535.84
65.6026306,-66.35356359,-535.65
65.60265719,-66.35362398,-534.88
65.60267667,-66.35367004,-535.3
65.60270188,-66.35372797,-534.88
65.60272423,-66.35377896,-534.88
65.6027413,-66.35382004,-535.58
65.60275706,-66.35385665,-536.35
65.60277293,-66.35389481,-537.25
65.60278983,-66.35393538,-538.14
65.60280616,-66.35397348,-539.04
65.60282186,-66.35401112,-540.13
65.60285526,-66.35408641,-538.53
65.60287961,-66.3541433,-538.21
65.60289818,-66.35418685,-538.78
65.60292854,-66.35425572,-537.44
65.60294384,-66.35429233,-538.5
65.60295874,-66.35432797,-539.78
65.60297484,-66.35436659,-540.9
65.60298956,-66.35440171,-542.02
65.60300669,-66.35444279,-542.91
65.60302297,-66.35448192,-543.94
65.60304651,-66.3545359,-543.71
65.60306829,-66.35458735,-543.97
65.60308376,-66.35462447,-545.06
65.60309905,-66.35466109,-546.4
65.60311435,-66.35469873,-547.71
65.60313188,-66.35473981,-548.48
65.60314982,-66.35478284,-549.47
65.60316449,-66.35481899,-550.85
65.60318082,-66.35485807,-551.97
65.60319852,-66.35489967,-552.8
65.60321926,-66.35494865,-553.28
65.60323914,-66.35499569,-553.89
65.60325788,-66.35504073,-554.66
65.60327679,-66.3550853,-555.42
65.60329552,-66.35513034,-556.16
65.60331403,-66.35517388,-556.99
65.60333276,-66.35521892,-557.92
65.60335047,-66.35526149,-559.01
65.6033672,-66.3553016,-560.1
65.60338427,-66.35534268,-561.31
65.60340123,-66.35538422,-562.53
65.60341871,-66.35542633,-563.81
65.60343561,-66.35546787,-565.02
65.60345354,-66.35551096,-566.24
65.60347165,-66.3555545,-567.14
65.60349176,-66.355602,-567.87
65.60351032,-66.35564657,-568.93
65.60353084,-66.35569608,-569.7
65.60355037,-66.35574209,-570.53
65.60357025,-66.3557901,-571.2
65.60359163,-66.35584058,-571.81
65.60361237,-66.35588962,-572.51
65.60363511,-66.35594354,-572.7
65.60365746,-66.35599556,-573.06
65.60367998,-66.35604902,-573.22
65.60370295,-66.35610345,-573.54
65.6037265,-66.3561584,-573.47
65.60375366,-66.35622125,-572.74
65.60377944,-66.35628067,-572.32
65.60380442,-66.35633911,-572
65.60383806,-66.35641485,-569.86
65.6038612,-66.35646883,-569.7
65.60388338,-66.35652131,-570.18
65.60391174,-66.35658617,-568.96
65.60393552,-66.3566426,-568.96
65.60396124,-66.35670202,-568.51
65.60398238,-66.35675301,-569.31
65.60400255,-66.35680149,-570.08
65.60402467,-66.35685397,-570.59
65.60404782,-66.35690891,-570.53
65.60406999,-66.3569614,-570.98
65.60409193,-66.35701336,-571.42
65.60411405,-66.35706682,-572.03
65.60413479,-66.35711581,-572.8
65.60415673,-66.35716875,-573.34
65.60417828,-66.35721974,-573.86
65.6042036,-66.35727916,-573.44
65.60422921,-66.35733909,-572.93
65.60425156,-66.35739203,-573.34
65.60427207,-66.35744251,-574.37
65.60429201,-66.35749052,-575.46
65.60431109,-66.35753751,-576.99
65.60433848,-66.35760088,-576
65.60435337,-66.35764047,-578.66
65.60436523,-66.35767358,-582.4
65.60436982,-66.35769284,-588.45
65.604396,-66.3577542,-588
65.60442602,-66.35782204,-586.11
65.60445181,-66.35788243,-585.76
65.60446848,-66.35792546,-588.29
65.60449747,-66.35799284,-586.62
65.6045291,-66.35806365,-584.16
65.60453729,-66.35809179,-589.86
65.60456004,-66.35814576,-590.34
65.60458319,-66.35820168,-590.91
65.60461241,-66.35826849,-589.28
65.60465572,-66.35836211,-582.3
65.60465406,-66.35837191,-591.81
65.60467784,-66.35842834,-592.1
65.60469933,-66.35848128,-593.15
65.60472734,-66.35854614,-592
65.60475473,-66.35860951,-590.98
65.60476739,-66.35864658,-595.46
65.60479151,-66.35870399,-595.78
65.60481409,-66.35875945,-596.58
65.6048362,-66.35881388,-597.92
65.60485998,-66.3588713,-598.21
65.60488027,-66.35892223,-600.1
65.6049131,-66.35899603,-596.54
65.60493527,-66.35905046,-597.86
65.60495882,-66.35910735,-598.53
65.60498254,-66.35916476,-598.98
65.60500649,-66.35922269,-599.39
65.60503491,-66.35928852,-597.47
65.60505078,-66.35933253,-601.89
65.6050753,-66.35939194,-602.18
65.60510532,-66.35945978,-599.39
65.60512847,-66.35951667,-600.38
65.60515506,-66.35957907,-599.46
65.60518101,-66.35964095,-598.75
65.60520599,-66.35970031,-598.62
65.60523051,-66.35975972,-598.78
65.60525527,-66.35981862,-598.66
65.60527962,-66.35987752,-598.85
65.6053054,-66.35993889,-598.43
65.60533176,-66.36000077,-597.09
65.60535651,-66.36006064,-597.22
65.60538309,-66.36012304,-595.9
65.60541231,-66.36018789,-592.38
65.60543666,-66.36024679,-592.51
65.60546182,-66.36030673,-592
65.60549081,-66.36037107,-588.42
65.60551459,-66.36042848,-588.19
65.60553871,-66.36048692,-588.13
65.60556449,-66.36054731,-586.75
65.60558317,-66.36060117,-592.93
65.60560431,-66.36065703,-595.62
65.60562746,-66.36071496,-596.7
65.60566189,-66.36078285,-586.69
65.60568584,-66.36084078,-586.59
65.60571042,-66.36090014,-586.4
65.60573437,-66.36095801,-586.27
65.60575895,-66.36101742,-586.18
65.60578204,-66.36107627,-587.52
65.60580645,-66.36113419,-586.85
65.60583218,-66.36119361,-584.74
65.60585613,-66.36125251,-585.09
65.6058791,-66.36130992,-586.02
65.60590345,-66.36136882,-585.86
65.6059274,-66.36142766,-586.34
65.60595112,-66.36148708,-586.85
65.60597547,-66.36154598,-587.14
65.60599942,-66.36160482,-587.39
65.6060228,-66.3616632,-587.81
65.60617234,-66.3614272,-581.44
65.60619589,-66.36148507,-581.47
65.60621984,-66.361543,-581.63
65.60624379,-66.3616019,-581.95
65.60626774,-66.3616608,-582.24
65.60629129,-66.36171964,-585.79
65.60631541,-66.36178003,-588.1
65.60633959,-66.36183939,-587.84
65.60636394,-66.36189829,-587.68
65.60638749,-66.36195621,-588.22
65.60641224,-66.36201804,-589.7
65.60643751,-66.36208037,-590.5
65.60646129,-66.36213778,-590.34
65.60648541,-66.3621972,-590.08
65.60650976,-66.3622561,-589.7
65.60653331,-66.36231397,-589.28
65.60655748,-66.36237333,-588.83
65.60658103,-66.36243028,-588.32
65.60660458,-66.36248717,-587.71
65.60662773,-66.36254407,-586.69
65.60665007,-66.36259804,-584.77
65.6066742,-66.36265643,-584.99
65.60669757,-66.36271384,-584.54
65.60672049,-66.3627693,-583.3
65.60674261,-66.3628227,-581.47
65.60676799,-66.36288607,-583.14
65.60679435,-66.36295087,-584.77
65.60681406,-66.36299739,-581.79
65.60683623,-66.36305085,-580.03
65.60685777,-66.36310282,-578.27
65.60687932,-66.36315478,-576.19
65.60690281,-66.36321271,-576.35
65.60692555,-66.36326766,-575.33
65.60695071,-66.36333045,-576.83
65.60697385,-66.36338741,-576.58
65.60699459,-66.36343639,-574.46
65.60701637,-66.36348985,-573.28
65.60703447,-66.36353242,-569.79
65.60705659,-66.36358588,-568.77
65.60707813,-66.36363882,-568
65.60709864,-66.36368832,-566.08
65.60712019,-66.36374029,-565.12
65.60714454,-66.36380016,-566.08
65.60715903,-66.3638338,-560.93
65.60717777,-66.36387786,-558.37
65.60720149,-66.36393722,-559.04
65.60722045,-66.36398179,-556.61
65.60724137,-66.36403324,-555.9
65.60726331,-66.36408722,-555.39
65.60728623,-66.3641436,-555.68
65.6073088,-66.36419803,-555.68
65.60733052,-66.36425148,-555.26
65.60735143,-66.36430294,-554.53
65.6073728,-66.36435444,-553.86
65.60739515,-66.36440933,-553.66
65.60741767,-66.3644648,-553.89
65.60744121,-66.36452266,-554.4
65.60746637,-66.36458454,-555.01
65.60748969,-66.36464195,-555.26
65.60751243,-66.36469885,-555.65
65.60753558,-66.36475574,-555.87
65.60756096,-66.36481808,-556.86
65.60758772,-66.36488489,-558.59
65.60761345,-66.36494826,-559.55
65.60763642,-66.36500464,-559.68
65.60766054,-66.36506405,-560.22
65.60768409,-66.36512192,-560.45
65.60770804,-66.3651818,-561.12
65.60773302,-66.36524316,-561.76
65.60776058,-66.36531191,-563.52
65.60778837,-66.36538021,-565.28
65.60781249,-66.3654406,-565.76
65.60783421,-66.36549303,-565.22
65.60785518,-66.36554453,-564.48
65.60787609,-66.36559599,-563.81
65.60789683,-66.36564595,-563.14
65.60791757,-66.36569694,-562.5
65.60793785,-66.3657469,-561.54
65.60796203,-66.36580632,-561.92
65.6079936,-66.36588499,-564.8
65.60801956,-66.36594881,-565.66
65.60804294,-66.3660072,-565.95
65.60806786,-66.36606856,-566.34
65.60809404,-66.36613291,-567.3
65.608122,-66.36620263,-568.8
65.60814996,-66.36627242,-570.18
65.60817494,-66.36633378,-570.85
65.60819947,-66.36639412,-571.2
65.60822422,-66.36645502,-571.81
65.60825361,-66.36652825,-573.6
65.60828014,-66.36659454,-574.3
65.60830713,-66.36666083,-575.23
65.60833491,-66.3667301,-576.35
65.60836648,-66.36680877,-578.69
65.60839444,-66.36687758,-579.68
65.60841799,-66.36693545,-579.71
65.60844475,-66.36700225,-580.64
65.60847317,-66.36707204,-581.76
65.60849889,-66.36713638,-582.3
65.60852445,-66.36719924,-582.88
65.60854783,-66.36725659,-582.94
65.60857258,-66.3673175,-583.04
65.60859693,-66.36737737,-583.2
65.60862008,-66.36743426,-583.07
65.60864563,-66.36749809,-583.74
65.60867038,-66.36755894,-583.9
65.60869594,-66.36762179,-584.45
65.60871948,-66.36767972,-584.29
65.60874865,-66.36775243,-585.57
65.60878646,-66.36784645,-588.7
65.60882628,-66.36794637,-592.26
65.60887057,-66.36805724,-596.93
65.60891607,-66.368172,-601.44
65.60896935,-66.36830608,-607.81
65.60900699,-66.36839958,-610.62
65.6090428,-66.36848868,-612.99
65.60907965,-66.36858121,-615.55
65.60911889,-66.36867867,-618.46
65.60914284,-66.36873757,-618.14
65.60918346,-66.3688395,-621.44
65.60922231,-66.36893599,-624.29
65.60924907,-66.36900274,-624.67
65.60927846,-66.36907499,-625.5
65.60932373,-66.36918832,-629.63
65.60934286,-66.3692353,-628.35
65.60936899,-66.36929964,-628.38
65.60939477,-66.36936301,-628.35
65.60943121,-66.36945354,-630.53
65.60946358,-66.36953421,-631.87
65.60949395,-66.36960893,-632.77
65.60952615,-66.36968908,-633.98
65.60955698,-66.36976574,-634.88
65.60959055,-66.3698494,-636.51
65.60963501,-66.36995975,-639.78
65.60970004,-66.3701235,-647.01
65.60976261,-66.37028032,-653.76
65.60980123,-66.37037635,-655.78
65.6098485,-66.3704946,-659.42
65.60991874,-66.37067119,-667.04
65.60996945,-66.37079787,-671.33
65.6100252,-66.3709379,-676.19
65.61008089,-66.37107696,-681.12
65.61012438,-66.37118576,-683.97
65.61018093,-66.37132682,-688.86
65.61023163,-66.37145345,-692.67
65.61029621,-66.37161623,-698.78
65.61033889,-66.37172211,-701.34
65.61037791,-66.37181911,-703.01
65.61041693,-66.37191611,-704.86
65.61046139,-66.37202641,-707.26
65.61050471,-66.37213481,-709.7
65.61054172,-66.37222683,-711.07
65.61056928,-66.37229461,-710.94
65.61059323,-66.37235351,-710.5
65.61063047,-66.37244604,-711.55
65.61067694,-66.37256132,-714.43
65.61070851,-66.37263999,-714.72
65.61086922,-66.37228687,-711.01
65.61090727,-66.37237746,-712.35
65.61093425,-66.3724418,-712.03
65.61096428,-66.37251359,-712.13
65.61099264,-66.37258137,-711.97
65.61102988,-66.37267001,-713.09
65.61107136,-66.37276902,-714.98
65.61111485,-66.37287198,-716.9
65.61115369,-66.37296451,-718.5
65.6112024,-66.37308036,-721.02
65.61123781,-66.37316447,-721.89
65.61127585,-66.37325506,-723.07
65.61130845,-66.37333327,-723.46
65.61135354,-66.37344018,-725.5
65.61139663,-66.37354217,-727.23
65.61143066,-66.37362381,-727.97
65.61146854,-66.37371394,-728.9
65.61150354,-66.37379707,-729.7
65.61153878,-66.37388073,-730.53
65.61156834,-66.37395149,-730.66
65.61159934,-66.37402477,-730.85
65.61163538,-66.37411043,-731.36
65.61166821,-66.37418909,-731.71
65.61170081,-66.37426633,-731.97
65.61172333,-66.37431978,-731.17
65.61174974,-66.37438264,-730.56
65.5996412,-66.3469846,-515.42
65.59965082,-66.3470074,-516.51
65.59966051,-66.34703026,-517.63
65.59970394,-66.34712646,-515.94
65.59974897,-66.3472257,-514.34
65.59981217,-66.34736464,-511.42
65.59985823,-66.34746537,-509.6
65.59988797,-66.34753183,-509.09
65.59991112,-66.34758391,-509.09
65.59992315,-66.3476117,-509.92
65.5999318,-66.34763204,-511.23
65.59994486,-66.34766229,-511.97
65.5999475,-66.34766968,-513.54
65.59997706,-66.34773569,-512.99
65.59998228,-66.34774858,-514.56
65.60000663,-66.34780364,-514.4
65.60002955,-66.34785521,-514.53
65.60003596,-66.34787108,-515.78
65.60005166,-66.34790677,-516.67
65.60006032,-66.34792711,-517.95
65.60007939,-66.34797026,-518.11
65.60009607,-66.34800847,-518.69
65.6001132,-66.34804761,-519.2
65.60015142,-66.34813195,-517.98
65.60017233,-66.34817956,-518.21
65.60021415,-66.34827186,-516.7
65.60026102,-66.34837459,-514.78
65.60034811,-66.34856562,-509.76
65.60034771,-66.34856659,-511.68
65.60041108,-66.34870502,-508.22
65.60042374,-66.34873527,-509.22
65.60043543,-66.34876203,-510.11
65.60044666,-66.34878879,-511.23
65.60045732,-66.34881314,-512.22
65.60048465,-66.34887461,-511.97
65.60051043,-66.3489322,-511.84
65.60053174,-66.34898078,-512.03
65.60055667,-66.34903636,-511.78
65.60059689,-66.34912563,-510.34
65.60060577,-66.34914648,-511.62
65.60061941,-66.34917822,-512.64
65.60063006,-66.34920349,-513.76
65.60065459,-66.34925901,-513.82
65.60066668,-66.3492868,-514.82
65.6006912,-66.34934238,-514.78
65.60071091,-66.34938701,-514.98
65.60072621,-66.34942173,-515.81
65.60074769,-66.34947083,-515.9
65.60076282,-66.34950504,-516.77
65.6007807,-66.34954618,-517.38
65.600798,-66.34958588,-518.02
65.60081668,-66.34962805,-518.5
65.60082796,-66.34965481,-519.68
65.60086956,-66.3497466,-518.05
65.60089288,-66.3497992,-518.08
65.60092445,-66.34987013,-517.31
65.60093494,-66.34989488,-518.72
65.60096874,-66.34997028,-517.7
65.60099286,-66.35002488,-517.79
65.60101057,-66.35006453,-518.3
65.60103325,-66.35011661,-518.46
65.60105944,-66.35017517,-518.5
65.60108253,-66.35022725,-518.62
65.60110006,-66.35026742,-519.23
65.60113765,-66.35035124,-517.76
65.60115432,-66.35038946,-518.5
65.60116899,-66.35042366,-519.36
65.60118171,-66.35045294,-520.48
65.60120079,-66.35049706,-521.12
65.60121706,-66.35053424,-521.82
65.60123459,-66.35057441,-522.59
65.60124966,-66.35060964,-523.62
65.6012637,-66.35064333,-524.7
65.60127739,-66.35067508,-525.63
65.60129166,-66.35070831,-526.69
65.60130209,-66.35073409,-528.32
65.60131418,-66.3507628,-529.63
65.60134838,-66.35083826,-528.58
65.60137451,-66.35089773,-528.54
65.6013878,-66.3509285,-529.7
65.60140465,-66.35096814,-530.59
65.60141971,-66.35100338,-531.52
65.60143725,-66.35104355,-532.35
65.60145713,-66.35108967,-532.93
65.60146721,-66.35111442,-534.53
65.60148245,-66.35115012,-535.58
65.60149414,-66.3511779,-537.22
65.6015052,-66.35120518,-538.69
65.60152428,-66.35124832,-539.33
65.60153797,-66.35128104,-540.7
65.60155104,-66.35131226,-542.14
65.60156588,-66.35134796,-543.39
65.60158255,-66.35138709,-544.38
65.60160008,-66.35142731,-545.54
65.60161395,-66.35146049,-546.82
65.60163159,-66.35150214,-547.65
65.6016481,-66.35153984,-548.64
65.60166299,-66.35157554,-550.02
65.6016799,-66.35161519,-551.1
65.60169554,-66.35165191,-552.16
65.60171868,-66.35170497,-552.51
65.60174344,-66.351761,-552.67
65.60175507,-66.35178977,-554.4
65.60177037,-66.35182644,-555.84
65.60178704,-66.35186563,-556.93
65.60180371,-66.35190476,-558.21
65.60181798,-66.35193896,-559.62
65.60183448,-66.35197764,-560.86
65.60185637,-66.35202875,-561.44
65.60186805,-66.35205745,-563.33
65.60189258,-66.35211303,-563.58
65.60191309,-66.35216064,-564.48
65.60196213,-66.35226876,-561.54
65.60197823,-66.35230743,-562.98
65.60200619,-66.35237046,-562.69
65.60203713,-66.3524399,-562.14
65.6020671,-66.35250785,-561.7
65.60210795,-66.35259861,-560
65.60220799,-66.35250235,-560.26
65.60226712,-66.35263431,-555.71
65.6023345,-66.35278562,-550.11
65.60239019,-66.35291013,-545.86
65.60243104,-66.35300289,-543.74
65.60246479,-66.35308024,-542.59
65.60249235,-66.35314418,-542.4
65.60252455,-66.35321763,-541.41
65.60256191,-66.35330289,-539.78
65.60260156,-66.35339267,-537.66
65.60262528,-66.35344825,-537.82
65.60263731,-66.35347799,-539.78
65.60269105,-66.35359848,-535.55
65.60272159,-66.3536689,-534.69
65.60273746,-66.35370711,-536.16
65.60277304,-66.35378796,-534.5
65.60280381,-66.35385883,-533.7
65.60282472,-66.35390845,-534.34
65.602843,-66.35395257,-535.36
65.60286334,-66.35400064,-536.19
65.60289451,-66.35407157,-535.23
65.60291399,-66.35411867,-536.16
65.6029357,-66.3541692,-536.61
65.60295421,-66.35421384,-537.66
65.60296985,-66.35425154,-539.17
65.60298916,-66.35429812,-540.29
65.60300824,-66.35434321,-541.25
65.60302755,-66.35438979,-542.3
65.60304485,-66.35443145,-543.68
65.60306273,-66.35447459,-544.99
65.60308462,-66.35452661,-545.6
65.60310576,-66.35457669,-546.27
65.60312541,-66.3546243,-547.39
65.60314535,-66.3546714,-548.45
65.60316603,-66.3547205,-549.22
65.60318654,-66.35477006,-550.3
65.60320706,-66.35481865,-551.2
65.60322711,-66.35486718,-552.16
65.60324762,-66.35491577,-553.25
65.60326796,-66.35496487,-554.27
65.60328744,-66.35501197,-555.49
65.60330692,-66.35505906,-556.7
65.60332721,-66.35510811,-557.92
65.60334755,-66.35515618,-558.98
65.60336886,-66.35520775,-559.94
65.60338891,-66.35525633,-561.12
65.60340943,-66.35530589,-562.24
65.60343234,-66.35536044,-563.26
65.60345343,-66.35541149,-564.22
65.60347354,-66.35546008,-565.54
65.60349382,-66.35550912,-566.78
65.60351433,-66.35555868,-568
65.60353525,-66.35560927,-569.25
65.60355576,-66.35565884,-570.46
65.60357587,-66.35570742,-571.94
65.60360056,-66.35576638,-572.35
65.60363334,-66.3558423,-571.23
65.60365161,-66.35588739,-573.06
65.60367894,-66.35595185,-573.06
65.60371252,-66.35602868,-571.68
65.60373624,-66.35608523,-572.38
65.60375996,-66.35614172,-573.09
65.60379073,-66.35621363,-572.1
65.60382173,-66.35628502,-571.26
65.60385748,-66.35636736,-569.25
65.60388888,-66.35643978,-568.13
65.60392663,-66.35652606,-565.41
65.60394995,-66.35658158,-566.4
65.60397528,-66.35664209,-566.75
65.60399843,-66.35669807,-567.68
65.60402175,-66.35675359,-568.54
65.60404443,-66.35680859,-569.5
65.60406936,-66.35686812,-570.08
65.60409491,-66.35692908,-570.5
65.60412001,-66.35698907,-570.94
65.60414533,-66.35704952,-571.39
65.60417049,-66.35710951,-571.81
65.60419581,-66.35717001,-572.32
65.60422033,-66.35722948,-572.99
65.60424423,-66.35728747,-573.86
65.60426817,-66.35734448,-574.75
65.60429086,-66.35740051,-575.87
65.60431556,-66.35745947,-576.74
65.60433767,-66.35751402,-578.24
65.60436523,-66.35757991,-578.18
65.60439136,-66.35764242,-578.43
65.60441565,-66.35770137,-579.49
65.60443978,-66.35775987,-580.58
65.60446269,-66.35781637,-582.05
65.60448538,-66.35787234,-583.55
65.60450991,-66.35793182,-584.48
65.604533,-66.35798883,-586.11
65.60456015,-66.35805374,-586.11
65.60458428,-66.35811321,-587.3
65.60461928,-66.35819257,-584.8
65.60464541,-66.35825605,-585.44
65.6046685,-66.35831301,-587.04
65.60470511,-66.35839637,-583.78
65.60473124,-66.3584598,-584.32
65.60473599,-66.35848249,-593.12
65.60476716,-66.35855537,-591.78
65.60479106,-66.35861438,-593.25
65.60482022,-66.35868422,-592.8
65.60484514,-66.3587457,-594.11
65.60487408,-66.35881411,-593.79
65.60489132,-66.35886167,-598.4
65.60491745,-66.3589251,-599.23
65.60494719,-66.35899551,-598.43
65.60497515,-66.35906341,-598.59
65.60500391,-66.35913228,-598.4
65.60503261,-66.35920023,-598.24
65.60506138,-66.3592691,-597.89
65.60508911,-66.35933654,-597.92
65.60511644,-66.35940197,-598.24
65.60514457,-66.35947038,-598.43
65.60517351,-66.35953977,-598.11
65.60520147,-66.35960669,-597.89
65.6052296,-66.35967412,-597.95
65.60525733,-66.3597415,-597.98
65.60528569,-66.35981043,-598.24
65.60531302,-66.35987684,-598.53
65.60534173,-66.35994576,-598.4
65.60537009,-66.36001463,-598.3
65.60540246,-66.36008854,-595.52
65.60544268,-66.36017294,-586.4
65.60546961,-66.36023935,-586.75
65.60549333,-66.36030077,-589.63
65.60552691,-66.36037565,-584.9
65.60555406,-66.3604416,-585.02
65.60557956,-66.36050549,-586.43
65.60560953,-66.36057544,-584.54
65.60563743,-66.36064237,-583.71
65.60566556,-66.36070974,-583.33
65.60569112,-66.36077369,-584.86
65.60571885,-66.36084107,-584.54
65.60574658,-66.36090845,-584.32
65.60577351,-66.36097388,-584.13
65.60580084,-66.36104028,-584.19
65.60582857,-66.36110766,-583.84
65.60585693,-66.36117464,-582.18
65.60588363,-66.36124053,-582.98
65.60590993,-66.3613074,-584.61
65.60593726,-66.36137386,-584.26
65.60596442,-66.36144072,-584.7
65.60599278,-66.36150667,-582.21
65.60602051,-66.36157216,-580.77
65.60604841,-66.36163908,-579.71
65.60607557,-66.36170497,-579.62
65.6062191,-66.36149487,-579.97
65.60624602,-66.36156322,-584.26
65.6062733,-66.36163163,-587.84
65.60630063,-66.36169901,-587.9
65.60632796,-66.36176542,-587.23
65.60635552,-66.36183332,-588.1
65.60638245,-66.36189875,-586.62
65.60641018,-66.36196716,-587.97
65.60643848,-66.36203803,-590.59
65.60646575,-66.36210541,-590.4
65.60649349,-66.36217279,-590.18
65.60652082,-66.36224023,-590.02
65.60654855,-66.36230761,-589.76
65.60657548,-66.36237402,-589.66
65.60660303,-66.36244094,-589.28
65.60662956,-66.36250637,-588.7
65.60665569,-66.3625698,-586.53
65.60668142,-66.36263225,-584.93
65.60670892,-66.36269917,-584.51
65.60673545,-66.36276363,-583.74
65.60676421,-66.36283548,-585.76
65.6067893,-66.36289644,-583.62
65.60681325,-66.36295345,-580.32
65.60684236,-66.36302627,-582.21
65.60686505,-66.3630803,-578.66
65.60688997,-66.36314075,-576.7
65.6069157,-66.3632032,-575.55
65.60694303,-66.36327064,-576.16
65.60696858,-66.36333257,-575.2
65.60699328,-66.36339354,-573.82
65.60701436,-66.36344361,-569.79
65.60703951,-66.36350458,-568.8
65.60706484,-66.36356605,-567.78
65.60708896,-66.36362553,-566.72
65.60711285,-66.36368351,-564.93
65.60713617,-66.36374,-563.23
65.60716167,-66.36380297,-562.91
65.60717296,-66.36382675,-554.21
65.6072071,-66.36391201,-558.85
65.60723306,-66.36397595,-559.1
65.60725873,-66.36403937,-558.78
65.60728165,-66.36409489,-557.31
65.60730537,-66.36415334,-556.29
65.60733293,-66.36422123,-557.15
65.60734977,-66.36426094,-552.67
65.60737773,-66.36432981,-553.6
65.60740185,-66.36438928,-553.12
65.60742895,-66.3644562,-553.86
65.60745428,-66.3645186,-553.76
65.60748178,-66.36458649,-554.46
65.60751071,-66.36465788,-555.81
65.60753707,-66.3647228,-555.84
65.60756257,-66.36478571,-555.9
65.60758829,-66.36484919,-555.87
65.60761264,-66.36490815,-555.17
65.60764496,-66.36498894,-557.54
65.60767166,-66.3650558,-558.4
65.60769819,-66.36512123,-558.69
65.60772334,-66.3651822,-558.14
65.6077631,-66.36528229,-563.23
65.60778722,-66.36534176,-562.75
65.60781553,-66.36541161,-563.36
65.60784486,-66.36548495,-564.64
65.60786721,-66.36553898,-563.36
65.6078923,-66.36560097,-563.04
65.60791603,-66.36565844,-562.21
65.60794639,-66.36573424,-563.74
65.60796948,-66.36579028,-562.59
65.60799802,-66.36586161,-563.46
65.6080356,-66.36595529,-566.94
65.6080611,-66.3660182,-566.91
65.60807617,-66.36605441,-563.49
65.60812218,-66.36616986,-569.47
65.60815231,-66.36624417,-570.56
65.60818188,-66.36631803,-571.49
65.60820778,-66.36638197,-571.46
65.6082339,-66.36644637,-571.3
65.60827687,-66.36655437,-575.97
65.60832168,-66.36666684,-580.93
65.60835743,-66.36675605,-583.3
65.60838218,-66.36681604,-582.82
65.60840688,-66.36687701,-582.08
65.608433,-66.36694141,-581.95
65.60845713,-66.36700088,-581.28
65.60848663,-66.36707376,-582.08
65.60851923,-66.36715403,-583.36
65.60854851,-66.36722737,-583.97
65.60857504,-66.3672928,-583.84
65.60860019,-66.36735376,-583.3
65.60862552,-66.36741616,-583.1
65.60864901,-66.36747414,-582.4
65.60867955,-66.36754949,-583.1
65.60872195,-66.367656,-586.75
65.60876171,-66.36775512,-589.63
65.60879586,-66.36784038,-591.39
65.60883505,-66.36793795,-593.95
65.60887665,-66.36804154,-597.12
65.60892506,-66.36816295,-601.76
65.60896803,-66.36827095,-605.06
65.60902934,-66.36842508,-612.42
65.60907735,-66.36854448,-616.26
65.60911631,-66.36864257,-618.78
65.60915791,-66.36874617,-621.54
65.60919767,-66.36884523,-623.81
65.60923205,-66.36893003,-624.86
65.6092678,-66.36901918,-626.43
65.60930762,-66.3691183,-628.67
65.60933736,-66.36919164,-628.86
65.60937088,-66.36927541,-629.76
65.60940062,-66.36934875,-629.86
65.60943539,-66.36943446,-631.07
65.60946593,-66.3695098,-631.2
65.60950272,-66.36960148,-632.7
65.60955371,-66.3697293,-636.74
65.60958448,-66.36980516,-636.83
65.60961863,-66.36989036,-638.14
65.60965478,-66.36997957,-639.23
65.60972434,-66.37015398,-646.56
65.6098065,-66.37036059,-656
65.60985829,-66.37049042,-659.74
65.60993083,-66.37067228,-667.46
65.61001402,-66.37088135,-676.54
65.6100731,-66.37102906,-681.47
65.61012976,-66.37117075,-685.82
65.6102145,-66.37138383,-694.98
65.61024063,-66.37144823,-693.95
65.61028543,-66.37155973,-696.03
65.61033144,-66.37167421,-698.46
65.61038628,-66.37181143,-702.34
65.61043572,-66.37193433,-704.93
65.61048253,-66.37205081,-707.33
65.6105129,-66.37212564,-706.85
65.61070742,-66.37189268,-708.96
65.61072936,-66.37194573,-707.36
65.61075709,-66.37201214,-706.4
65.61079869,-66.37211178,-707.74
65.61083628,-66.3722015,-708.42
65.61087243,-66.37228779,-708.86
65.61090262,-66.37235918,-708.58
65.61094239,-66.37245435,-709.28
65.6109806,-66.37254556,-710.02
65.61101899,-66.37263729,-711.07
65.61105595,-66.37272553,-711.65
65.61109497,-66.37281869,-712.48
65.61115106,-66.37295208,-715.65
65.61120308,-66.37307652,-718.08
65.61124674,-66.37318011,-719.46
65.61130238,-66.37331344,-722.62
65.61135045,-66.37342798,-724.67
65.61140207,-66.37355042,-727.1
65.61143485,-66.37362926,-726.94
65.61146722,-66.37370609,-726.78
65.61151265,-66.37381415,-728.35
65.61155585,-66.3739178,-729.47
65.61159424,-66.37400947,-730.18
65.61162742,-66.37408831,-730.11
65.61166036,-66.37416663,-729.95
65.61168975,-66.37423705,-729.34
65.61172006,-66.37430993,-728.83
65.61175547,-66.37439415,-728.93
65.61178985,-66.37447597,-729.12
65.61182543,-66.37456077,-729.02
65.61185797,-66.37463812,-728.83
65.61188571,-66.37470453,-728.35
65.61192472,-66.37479775,-729.02
65.61197073,-66.3749073,-730.5
65.59961301,-66.34696254,-516.83
65.59964744,-66.34703846,-516
65.59966475,-66.34707713,-516.51
65.59971602,-66.34718977,-514.27
65.59973172,-66.34722547,-514.88
65.59977435,-66.34731972,-513.44
65.599781,-66.34733611,-514.72
65.59980632,-66.34739266,-514.59
65.59982964,-66.34744422,-514.59
65.59985537,-66.34750181,-514.4
65.59989221,-66.34758363,-513.73
65.59992154,-66.34764911,-513.09
65.5999471,-66.34770618,-512.8
65.59996721,-66.34775081,-512.99
65.5999958,-66.34781436,-512.7
65.60000926,-66.34784558,-513.41
65.60001832,-66.3478669,-514.66
65.6000386,-66.34791302,-514.78
65.6000547,-66.34794975,-515.46
65.6000849,-66.34801621,-515.01
65.60010959,-66.34807127,-514.78
65.60013434,-66.34812731,-514.72
65.6001619,-66.34818833,-514.59
65.60018803,-66.34824688,-514.3
65.60023914,-66.34835901,-511.97
65.60024378,-66.34837139,-513.5
65.60026366,-66.34841556,-513.79
65.60028497,-66.34846415,-514.14
65.60032663,-66.34855593,-512.58
65.6003586,-66.34862687,-511.81
65.60037166,-66.34865712,-512.8
65.60039458,-66.34870874,-512.77
65.6004097,-66.34874295,-513.6
65.60043847,-66.34880695,-513.22
65.60046139,-66.34885851,-513.28
65.6004815,-66.34890418,-513.57
65.6004992,-66.34894486,-514.11
65.60052613,-66.34900439,-513.66
65.60055186,-66.34906191,-513.5
65.6005726,-66.34910901,-513.73
65.6005726,-66.34911102,-516
65.60062124,-66.34921816,-513.79
65.60064296,-66.3492668,-513.92
65.60065602,-66.34929706,-514.82
65.60067756,-66.3493461,-515.14
65.60069544,-66.34938632,-515.58
65.60071297,-66.34942649,-516.22
65.60072964,-66.34946465,-516.77
65.60074672,-66.34950384,-517.47
65.60077084,-66.34955838,-517.66
65.60078814,-66.34959809,-518.3
65.60081049,-66.34964816,-518.4
65.6008294,-66.34969085,-518.82
65.60085873,-66.34975634,-518.27
65.60087867,-66.34980149,-518.62
65.60091488,-66.34988182,-517.44
65.60093837,-66.34993493,-517.63
65.60097458,-66.35001428,-516.42
65.6009802,-66.35002918,-518.24
65.60101097,-66.35009811,-517.47
65.60102162,-66.35012338,-518.82
65.60104214,-66.35017001,-519.23
65.60104758,-66.3501844,-521.06
65.60107754,-66.35025034,-520.51
65.60110774,-66.35031784,-519.94
65.60113868,-66.35038728,-519.26
65.60116647,-66.35044882,-519.04
65.60118274,-66.35048697,-519.78
65.60120044,-66.35052765,-520.51
65.60121912,-66.35056982,-520.93
65.60123138,-66.35059905,-522.21
65.60124468,-66.35062981,-523.36
65.60126015,-66.35066602,-524.29
65.60127218,-66.35069473,-525.38
65.60128771,-66.35073094,-526.3
65.60130799,-66.35077706,-526.94
65.60132529,-66.35081677,-527.68
65.60134237,-66.3508559,-528.45
65.60136208,-66.35090157,-529.06
65.6013713,-66.35092437,-530.62
65.60138316,-66.35095262,-532.1
65.60139685,-66.35098436,-533.15
65.60141032,-66.35101656,-534.43
65.60144916,-66.35110239,-532.99
65.60145255,-66.35111276,-535.33
65.60146257,-66.35113757,-536.93
65.60148549,-66.35119011,-537.31
65.60149735,-66.35121841,-538.75
65.60151047,-66.35124964,-540
65.60152411,-66.35128138,-541.41
65.60153012,-66.35129817,-543.65
65.60155929,-66.3513632,-543.3
65.60157057,-66.35139093,-544.74
65.60158765,-66.35143109,-545.92
65.60159991,-66.35146032,-547.42
65.60161355,-66.35149303,-548.77
65.60163732,-66.3515466,-548.96
65.60165257,-66.35158333,-550.27
65.60166826,-66.35162,-551.58
65.60170167,-66.35169443,-550.56
65.60171914,-66.35173556,-551.58
65.60172676,-66.35175539,-553.82
65.60174464,-66.3517975,-554.94
65.60176435,-66.35184317,-555.87
65.60177197,-66.35186293,-558.08
65.60179248,-66.35191055,-558.85
65.60181763,-66.35196761,-558.82
65.60183614,-66.35201024,-559.84
65.60185264,-66.35204891,-561.09
65.6018735,-66.3520975,-561.76
65.60189384,-66.35214466,-562.53
65.60192684,-66.35221903,-561.86
65.60193624,-66.35224235,-563.97
65.60196523,-66.35230778,-563.78
65.60199439,-66.35237378,-563.33
65.60205071,-66.35249685,-559.49
65.6020726,-66.35254693,-560.1
65.60210297,-66.35261586,-559.58
65.60222489,-66.35257947,-556.83
65.60229869,-66.35274271,-550.18
65.60232505,-66.35280373,-550.18
65.60236263,-66.3528895,-548.38
65.60242921,-66.35303784,-542.72
65.602457,-66.35310132,-542.4
65.60247304,-66.35314,-543.87
65.60251447,-66.35323425,-541.54
65.60255795,-66.35333148,-538.91
65.60258952,-66.35340436,-538.05
65.60261382,-66.3534604,-538.24
65.6026494,-66.35354124,-536.74
65.6026828,-66.35361762,-535.65
65.60270549,-66.35367067,-535.9
65.60273488,-66.35373811,-535.3
65.60276181,-66.35380062,-534.88
65.60278817,-66.35386158,-534.78
65.60281733,-66.35392856,-534.18
65.60283578,-66.35397216,-535.17
65.60285251,-66.35401233,-536.61
65.60286999,-66.35405444,-537.73
65.60289147,-66.35410555,-538.4
65.60291175,-66.35415362,-539.04
65.6029337,-66.35420467,-539.62
65.60297392,-66.35429594,-537.22
65.60298314,-66.35432069,-539.9
65.6030103,-66.35438269,-539.55
65.60302153,-66.35441242,-541.95
65.6030354,-66.35444663,-543.94
65.60305431,-66.35449224,-545.02
65.60306754,-66.35452495,-547.1
65.6030935,-66.35458494,-547.01
65.60311619,-66.35463897,-547.58
65.60313452,-66.35468309,-548.96
65.60315297,-66.35472772,-550.08
65.60317451,-66.35477877,-551.01
65.60319319,-66.35482386,-552.22
65.60321147,-66.35486798,-553.54
65.60323278,-66.35491857,-554.46
65.60325507,-66.35497157,-555.23
65.60327701,-66.35502365,-555.97
65.60329833,-66.35507522,-556.83
65.60332022,-66.35512725,-557.73
65.6033421,-66.35517933,-558.46
65.60336302,-66.35522889,-559.52
65.60338313,-66.35527747,-560.74
65.60340284,-66.35532503,-562.02
65.60342335,-66.35537465,-563.33
65.60344443,-66.3554257,-564.26
65.60346592,-66.35547675,-565.34
65.60348666,-66.35552683,-566.53
65.60350832,-66.35557937,-567.52
65.60353043,-66.35563191,-568.64
65.60355215,-66.35568445,-569.54
65.60357449,-66.3557375,-570.59
65.60359655,-66.35579102,-571.58
65.6036201,-66.35584705,-572.48
65.60364399,-66.35590406,-573.06
65.60366932,-66.35596451,-573.7
65.60369608,-66.35602748,-573.79
65.6037226,-66.35608999,-573.86
65.60375377,-66.35616189,-572.77
65.60378918,-66.35624222,-570.78
65.60381812,-66.35630966,-570.37
65.60384785,-66.3563791,-569.76
65.60387461,-66.35644207,-569.76
65.60390435,-66.35651145,-569.06
65.60393431,-66.35658038,-568.38
65.60395523,-66.35663195,-569.89
65.60397872,-66.35668896,-570.75
65.60400146,-66.35674299,-571.84
65.60402982,-66.35680991,-571.39
65.60405956,-66.35687935,-570.75
65.60408769,-66.35694478,-570.53
65.60411342,-66.35700626,-570.85
65.60413897,-66.35706722,-571.2
65.60416367,-66.35712624,-571.68
65.60418739,-66.35718371,-572.64
65.60421254,-66.35724369,-573.22
65.60423683,-66.35730271,-574.02
65.60426136,-66.35736121,-574.69
65.60428565,-66.35742017,-575.36
65.60431057,-66.35747964,-576.1
65.60433452,-66.35753762,-577.12
65.60435882,-66.35759664,-578.02
65.60438317,-66.35765559,-578.78
65.60440769,-66.35771507,-579.78
65.60443198,-66.35777408,-580.86
65.60445651,-66.35783355,-581.79
65.6044824,-66.35789555,-582.27
65.60450716,-66.35795548,-583.14
65.60451518,-66.35798413,-589.76
65.60454572,-66.35805558,-588.67
65.60456703,-66.35810909,-590.94
65.60458445,-66.35815516,-594.59
65.60461241,-66.35822208,-594.85
65.6046351,-66.35827903,-596.61
65.60467394,-66.35836583,-592.8
65.60470528,-66.35843923,-591.55
65.60473668,-66.35851262,-590.18
65.60476321,-66.35857605,-590.69
65.60478894,-66.3586385,-591.42
65.6048134,-66.35869998,-592.86
65.60483976,-66.35876392,-593.57
65.60486588,-66.35882735,-594.43
65.60489178,-66.35889032,-595.26
65.60491693,-66.35895225,-596.48
65.60494363,-66.35901717,-596.96
65.6049728,-66.3590861,-596.67
65.60500093,-66.35915451,-596.67
65.60502562,-66.35921541,-598.37
65.60505542,-66.35928583,-597.54
65.60508149,-66.35935029,-598.4
65.60510928,-66.35941669,-598.56
65.60513741,-66.3594851,-598.75
65.60516514,-66.35955248,-599.07
65.60519264,-66.35961843,-599.14
65.60521716,-66.35968088,-601.22
65.60525418,-66.35976224,-596
65.60528351,-66.3598326,-595.55
65.60530987,-66.35989752,-596.35
65.60533674,-66.35996393,-597.34
65.60536774,-66.36003537,-595.1
65.6053981,-66.36010625,-593.73
65.60542801,-66.36017718,-592.13
65.60546061,-66.36025058,-588.8
65.60548875,-66.36031801,-588.42
65.60551447,-66.36038241,-589.79
65.60554707,-66.36045581,-586.18
65.60557498,-66.36052273,-585.57
65.60560231,-66.36059017,-585.86
65.60563044,-66.36065657,-584.9
65.60565943,-66.36072499,-583.55
65.60568733,-66.36079093,-582.24
65.60571283,-66.36085682,-584.42
65.60573919,-66.36092266,-585.79
65.60576468,-66.36098757,-587.65
65.60579322,-66.36105501,-586.46
65.60582118,-66.36112193,-585.86
65.60584954,-66.36118885,-584.19
65.60587727,-66.36125526,-583.3
65.6059054,-66.36132172,-581.82
65.6059313,-66.36138859,-584.29
65.60595863,-66.36145499,-584.06
65.60598579,-66.36152191,-584
65.60601312,-66.36158832,-583.65
65.60621354,-66.36150868,-580.58
65.60624047,-66.36157606,-582.59
65.60626774,-66.36164344,-584.1
65.6062949,-66.36171036,-584.03
65.60632223,-66.36177676,-584.38
65.60634893,-66.36184168,-582.82
65.60637786,-66.36191599,-588.54
65.60640582,-66.36198486,-590.05
65.60643292,-66.36205178,-590.69
65.60646043,-66.36211968,-590.75
65.60648793,-66.3621866,-590.34
65.60651526,-66.36225398,-590.18
65.60654282,-66.3623209,-589.54
65.60656935,-66.36238633,-588.99
65.60659668,-66.36245274,-588.42
65.6066236,-66.36251817,-587.1
65.60665053,-66.3625836,-586.14
65.60667683,-66.36264852,-585.34
65.60670439,-66.36271544,-584.93
65.60673029,-66.36277835,-583.62
65.60675624,-66.36284132,-582.3
65.60678191,-66.36290475,-581.09
65.60680764,-66.3629672,-579.81
65.60683359,-66.36303017,-578.56
65.60685789,-66.36308912,-576.8
65.60688464,-66.36315404,-576.42
65.60691415,-66.36322789,-578.37
65.60694211,-66.36329774,-580.03
65.60696119,-66.36334094,-573.5
65.60698491,-66.36339841,-571.46
65.60701161,-66.36346435,-571.52
65.60702972,-66.36350601,-565.79
65.60705263,-66.36356153,-563.39
65.60707492,-66.3636155,-561.06
65.60709847,-66.36367251,-559.23
65.60713039,-66.36375232,-562.94
65.60715554,-66.36381426,-562.46
65.60717685,-66.36386485,-559.62
65.60720034,-66.36392283,-558.24
65.60721862,-66.36396592,-554.18
65.60724458,-66.36402889,-554.02
65.60727007,-66.3640918,-554.05
65.60729717,-66.3641597,-554.94
65.60732473,-66.36422759,-555.71
65.60735086,-66.36429205,-555.78
65.60737636,-66.36435496,-555.52
65.60740128,-66.36441546,-555.14
65.6074262,-66.36447689,-554.78
65.6074521,-66.36454083,-554.94
65.60747863,-66.36460626,-555.55
65.60750596,-66.36467364,-556.06
65.60753232,-66.36473855,-556.19
65.60755804,-66.36480198,-556.29
65.60758514,-66.36486988,-556.93
65.60761247,-66.36493726,-557.57
65.60763957,-66.36500418,-557.98
65.6076669,-66.36507156,-558.66
65.60769887,-66.36515137,-561.06
65.60772678,-66.36522121,-561.66
65.60775313,-66.36528613,-561.73
65.60778086,-66.36535454,-562.53
65.60781117,-66.36543034,-563.94
65.60783971,-66.3655007,-564.9
65.60786343,-66.3655592,-564.1
65.60788732,-66.36561719,-563.3
65.60791167,-66.36567717,-562.69
65.60793436,-66.36573315,-561.79
65.60796593,-66.36581193,-563.39
65.60799727,-66.36588923,-565.02
65.608023,-66.36595271,-564.93
65.60805714,-66.36603888,-567.58
65.60808407,-66.36610529,-567.71
65.60810814,-66.36616476,-567.14
65.60813386,-66.36622819,-567.01
65.60815758,-66.36628571,-566.24
65.60820984,-66.36641847,-573.86
65.60823694,-66.36648539,-573.89
65.6082657,-66.36655626,-574.53
65.60829624,-66.36663258,-575.68
65.6083336,-66.36672574,-578.5
65.60836918,-66.36681541,-581.02
65.60839949,-66.36689024,-581.7
65.60842401,-66.36695069,-581.12
65.60844991,-66.36701463,-580.83
65.60847603,-66.36707903,-581.06
65.60850921,-66.36716182,-582.53
65.60853774,-66.36723218,-583.01
65.60856484,-66.3672991,-583.1
65.60859097,-66.3673635,-582.91
65.60862053,-66.36743736,-583.52
65.60864723,-66.36750325,-583.58
65.60867519,-66.36757212,-583.65
65.6087047,-66.36764597,-584.32
65.60873828,-66.36772871,-585.82
65.60878125,-66.36783677,-589.63
65.60882502,-66.36794672,-593.25
65.60886845,-66.36805575,-596.9
65.60892191,-66.36819051,-602.62
65.6089713,-66.36831438,-607.17
65.60900688,-66.36840308,-608.9
65.60905088,-66.3685136,-612.38
65.60910669,-66.36865432,-618.3
65.60913723,-66.36872961,-618.75
65.60918026,-66.36883767,-621.76
65.60922203,-66.36894269,-624.38
65.60925199,-66.36901654,-624.74
65.6092835,-66.36909435,-625.34
65.60931547,-66.36917411,-626.02
65.60934819,-66.36925489,-626.75
65.60940245,-66.36939166,-631.68
65.609437,-66.36947789,-632.77
65.60946335,-66.36954281,-632.03
65.60948885,-66.36960572,-631.39
65.60952099,-66.36968501,-632.16
65.60955715,-66.3697752,-633.47
65.60959995,-66.36988274,-636.16
65.60964917,-66.37000513,-639.65
65.60970503,-66.37014584,-644.58
65.60977636,-66.3703257,-652
65.60984769,-66.37050555,-659.49
65.60992218,-66.37069336,-667.46
65.60999735,-66.37088261,-675.14
65.61005281,-66.37102138,-679.36
65.61010341,-66.37114823,-682.85
65.61017411,-66.3713266,-689.63
65.61024263,-66.37149854,-695.84
65.61028704,-66.37160901,-697.82
65.6103248,-66.37170314,-698.91
65.61037505,-66.37182902,-701.86
65.61041183,-66.3719207,-702.3
65.6104528,-66.3720228,-704.22
65.61049737,-66.37213378,-706.14
65.61053857,-66.37223634,-707.49
65.61059002,-66.3723652,-710.62
65.61062938,-66.37246329,-711.55
65.61066055,-66.37254012,-711.33
65.61068106,-66.37258968,-709.41
65.61087226,-66.37232377,-709.98
65.61092211,-66.37244277,-712.64
65.61095448,-66.37251961,-712.38
65.61098662,-66.3725969,-712.32
65.6110206,-66.37267872,-712.51
65.61105881,-66.37276993,-713.22
65.61109737,-66.37286212,-713.86
65.61114321,-66.37297121,-715.68
65.61119747,-66.3731011,-718.56
65.61124995,-66.37322652,-721.34
65.61129596,-66.37333607,-722.88
65.61133355,-66.3734258,-723.42
65.61137938,-66.37353581,-724.93
65.61143788,-66.37367515,-728.51
65.61146922,-66.37375049,-728.35
65.61150761,-66.37384222,-728.86
65.61154863,-66.37394037,-729.66
65.61159688,-66.37405536,-731.65
65.61162421,-66.3741208,-730.85
65.61164953,-66.3741813,-729.7
65.61167486,-66.37424175,-728.51
65.61171989,-66.37434981,-729.73
65.61174883,-66.37441822,-729.22
65.61178544,-66.37450645,-729.7
65.61182824,-66.3746081,-730.69
65.61185454,-66.37467106,-729.79
65.61187889,-66.37472905,-728.64
65.61192673,-66.3748441,-730.4
65.61196632,-66.37493875,-731.01
